name,row_count,col_count,sprite_count,offset_x,offset_y
death_E,7,4,28,0.00811688322574,0.03686635941267
death_N,7,4,28,0.04753521084785,0.03641456738114
death_S,7,4,28,-0.04720279574394,0.03296703472733
death_W,7,4,28,-0.00811688322574,0.03273809701204
slow_run_E,4,4,15,-0.01904761977494,0.09946236759424
slow_run_N,4,4,15,0.02250000089407,0.06683168560266
slow_run_S,4,4,15,-0.02250000089407,0.08720929920673
slow_run_W,4,4,15,0.0166666675359,0.05769230797887
