name,row_count,col_count,sprite_count,offset_x,offset_y
death_E,7,4,28,0.00811688322574,0.03686635941267
death_N,7,4,28,0.04753521084785,0.03641456738114
death_S,7,4,28,-0.04720279574394,0.03296703472733
death_W,7,4,28,-0.00811688322574,0.03273809701204
slow_run_E,3,4,12,0.01436781603843,0.19658119976521
slow_run_N,3,4,12,0.02469135820866,0.10763888806105
slow_run_S,3,4,12,-0.02777777798474,0.17117117345333
slow_run_W,3,4,12,-0.01724137924612,0.10992907732725
