name,row_count,col_count,sprite_count,offset_x,offset_y
death_E,7,4,28,0.01123595517129,0.02873563207686
death_N,7,4,28,0.03983516618609,0.02857142873108
death_S,7,4,28,-0.03983516618609,0.02562111802399
death_W,7,4,28,-0.01256983261555,0.01769911497831
slow_run_E,3,4,11,0.02884615398943,0.09278350323439
slow_run_N,3,4,11,0.0619469024241,0.05309734493494
slow_run_S,3,4,11,-0.06415928900242,0.09677419066429
slow_run_W,3,4,11,-0.02884615398943,0.0343915335834
