name,row_count,col_count,offset_x,offset_y
fly_E,7,4,0.01201923098415,0.05306122452021
fly_N,7,4,0.0101010100916,0.04105090349913
fly_NE,7,4,0.03070175461471,0.06451612710953
fly_NW,7,4,-0.00588235305622,0.0338733419776
fly_S,7,4,-0.01262626238167,0.05605786666274
fly_SE,7,4,0.00294117652811,0.0537815131247
fly_SW,7,4,-0.03070175461471,0.06493506580591
fly_W,7,4,-0.01201923098415,0.04105090349913
