name,row_count,col_count,sprite_count,offset_x,offset_y
death_E,7,4,28,0.0441176481545,0.03763900697231
death_N,7,4,28,0.08673469722271,0.01974448375404
death_S,7,4,28,-0.08843537420034,0.03304178640246
death_W,7,4,28,-0.0441176481545,0.01416765060276
slow_run_E,3,4,11,0.05163043364882,0.05357142910361
slow_run_N,3,4,11,0.0625,0.02820512838662
slow_run_S,3,4,11,-0.0625,0.04927536100149
slow_run_W,3,4,11,-0.05163043364882,0.01932367123663
